#"Time (ps)","Potential Energy (kJ/mole)","Temperature (K)"
0.20000000000000015,-15583.683316612995,338.7435326152389
0.4000000000000003,-15754.490842074112,339.0997275877865
0.6000000000000004,-15783.838631349077,338.08546380536933
0.8000000000000006,-15691.717212818752,321.082156030994
1.0000000000000007,-15650.483633602882,309.9075453389941
1.2000000000000008,-15814.941077748968,312.9562346679294
1.400000000000001,-16042.096757347506,331.2185402689821
1.6000000000000012,-15865.588924299213,320.6133208839276
1.8000000000000014,-15890.362253282568,299.8652230424915
2.0000000000000013,-16021.90201406856,316.2689563690761
2.1999999999999793,-15995.012424089073,300.9603384245676
2.3999999999999573,-16020.928206601675,303.01020331493424
2.5999999999999353,-16142.165844222764,325.42699061057624
2.7999999999999132,-16127.659263039692,309.97751666203385
2.999999999999891,-16232.245359363442,316.249081680672
3.199999999999869,-16019.449620401472,296.5579457559102
3.399999999999847,-16090.76473220608,310.26445751190954
3.599999999999825,-16096.14226585548,318.1287915443846
3.799999999999803,-16083.264726082882,301.98075323183457
3.999999999999781,-16168.018026061676,296.6490031988087
4.1999999999997595,-16293.47438923124,312.2752197670031
4.3999999999997375,-16231.10034579855,303.1466805461621
4.599999999999715,-16156.70905406124,302.80402803549515
4.799999999999693,-16167.696699037784,305.45463710688114
4.999999999999671,-16294.981966380743,305.8593389091148
5.199999999999649,-16095.2665835597,292.20379067990547
5.399999999999627,-16257.969519716033,302.9365904213659
5.599999999999605,-16228.560937324306,298.66213381290584
5.799999999999583,-16258.294202299061,300.1967280268107
5.999999999999561,-16223.072051135154,305.8630135360551
6.199999999999539,-16038.65405007929,300.3142397529051
6.399999999999517,-16232.583527480805,313.7226112081464
6.599999999999495,-15911.948027497157,317.17719586782255
6.799999999999473,-15966.316236451501,312.87889534767544
6.999999999999451,-16022.964144233061,295.59798401073544
7.199999999999429,-15993.747309551967,299.73099795080196
7.399999999999407,-16109.036372051967,309.08815833472863
7.599999999999385,-16148.533647392193,303.4986476648485
7.799999999999363,-16124.33313928808,304.7901989201624
7.999999999999341,-16069.719426112337,300.85520798994185
8.199999999999408,-16155.335909112895,310.4612845822682
8.399999999999475,-16134.122582043012,301.65901389901154
8.599999999999541,-16267.090352534025,297.404100227716
8.799999999999608,-16311.449727534025,302.8071518045691
8.999999999999675,-16413.928423738456,311.75612888696514
9.199999999999742,-16332.429800039725,308.3455380694736
9.399999999999809,-16334.105820508426,304.2451120173412
9.599999999999875,-16312.6642527152,300.15518518855845
9.799999999999942,-16212.723042054175,296.52075500951275
10.000000000000009,-16391.354822617344,301.3863319139001
10.200000000000076,-16447.243044453484,293.1047568242852
10.400000000000142,-16482.60110379332,308.107658834056
10.60000000000021,-16371.104539284512,286.21723038248354
10.800000000000276,-16440.424699727504,296.17227297691727
11.000000000000343,-16326.400136197,292.7429835622441
11.20000000000041,-16296.542534068358,289.37006981209214
11.400000000000476,-16377.756060928703,304.058153107243
11.600000000000543,-16315.901374085617,294.7759604496003
11.80000000000061,-16259.087005691195,300.8585589352052
12.000000000000677,-16113.617835196856,303.9601757266018
12.200000000000744,-16210.786577656458,317.5574870590727
12.40000000000081,-16055.69239588821,303.74497964639926
12.600000000000877,-16006.70299352202,296.9518122981789
12.800000000000944,-16098.2717166824,305.41767833323775
13.00000000000101,-15998.710201360824,303.1198133387605
13.200000000001078,-16102.281353064085,299.7821478938619
13.400000000001144,-16295.117290564085,297.4912558622816
13.600000000001211,-16283.914165564085,292.5873768651619
13.800000000001278,-16372.413250743848,302.9207777405156
14.000000000001345,-16332.14684444388,296.5103904879328
14.200000000001411,-16326.533055169974,301.4126069315182
14.400000000001478,-16305.206395700676,297.64995814276915
14.600000000001545,-16369.140130860673,300.60037215453093
14.800000000001612,-16473.48339565382,302.995744641301
15.000000000001679,-16430.5140978876,295.1873966268028
15.200000000001745,-16392.28077631777,293.8669800386806
15.400000000001812,-16395.172879651174,300.0854102278801
15.600000000001879,-16439.457480022887,314.9188495174024
15.800000000001946,-16226.765667930333,292.2448230446524
16.00000000000201,-16330.394226485281,312.66316337040126
16.2000000000019,-16095.352933147675,298.07797765207357
16.40000000000179,-16246.838629481936,300.95652502975474
16.60000000000168,-16162.462387895182,290.8657007444096
16.800000000001567,-16225.425565683283,297.4471483273547
17.000000000001457,-16214.199003183283,300.2696807715098
17.200000000001346,-16266.395929351856,290.7360522783608
17.400000000001235,-16395.07818557709,298.69486584007984
17.600000000001124,-16387.789736795836,289.4267049852763
17.800000000001013,-16341.850338076634,295.5805195622809
18.000000000000902,-16471.403484185168,299.7478168938022
18.20000000000079,-16327.36613131268,301.50361510580757
18.40000000000068,-16175.892321981562,282.8095122969585
18.60000000000057,-16278.034241662477,301.76256599159075
18.80000000000046,-16230.88075958185,301.6546356140868
19.000000000000348,-16149.53178093383,297.5364675550903
19.200000000000237,-16183.215989919277,300.0598766528573
19.400000000000126,-16288.421269020124,299.39235445639554
19.600000000000016,-16296.546269020124,297.6466991409277
19.799999999999905,-16456.3402868165,305.2105736127588
19.999999999999794,-16310.976695648307,287.7148482227185
20.199999999999683,-16396.909960148885,298.5741877966489
20.399999999999572,-16417.94599761041,308.10613560087126
20.59999999999946,-16421.29173973309,303.80344179697875
20.79999999999935,-16388.54311876041,306.6734003199997
20.99999999999924,-16323.033645097923,296.6327561639055
21.19999999999913,-16471.830247632213,316.4315400033834
21.399999999999018,-16369.394912811069,291.3699352321
21.599999999998907,-16439.97837472605,304.1299493956656
21.799999999998796,-16623.556776590718,319.32312407278505
21.999999999998685,-16432.815623188886,307.5477658043376
22.199999999998575,-16173.88296026089,294.86209235138375
22.399999999998464,-16242.374084915878,300.95385575255006
22.599999999998353,-16349.49496518851,295.886821312143
22.799999999998242,-16294.72735810974,297.3910475159256
22.99999999999813,-16222.034677358693,290.07976602527697
23.19999999999802,-16172.726159082187,290.34610517106637
23.39999999999791,-16358.381590224715,311.03553413330536
23.5999999999978,-16299.389402724715,303.1231987615048
23.799999999997688,-16332.061491056113,295.25633259295637
23.999999999997577,-16390.75098561014,293.6238926651349
24.199999999997466,-16549.58365919284,298.128642197509
24.399999999997355,-16477.541267954788,285.7982559301152
24.599999999997245,-16598.08445861994,296.35874820342616
24.799999999997134,-16592.681681066693,297.63306821870844
24.999999999997023,-16517.762375183214,296.0176844569216
25.199999999996912,-16407.991802225253,290.70921984833615
25.3999999999968,-16470.26647915272,290.30008446766027
25.59999999999669,-16546.301663322607,301.2724293368739
25.79999999999658,-16524.991888310265,287.9372376087455
25.99999999999647,-16538.270271463523,293.3043472094522
26.199999999996358,-16428.230118741936,287.85549822489446
26.399999999996247,-16394.40344517547,281.7370477379963
26.599999999996136,-16346.957099869483,291.62200984248807
26.799999999996025,-16447.519376824275,302.7926136145313
26.999999999995914,-16155.862521851072,281.0038442353327
27.199999999995804,-16209.688864193013,290.3094421396237
27.399999999995693,-16267.922329778594,287.99449624904247
27.599999999995582,-16367.204412340318,288.980820151356
27.79999999999547,-16311.304688297882,293.5217036663522
27.99999999999536,-16141.530542813416,290.89235230585183
28.19999999999525,-17726.908039214453,309.4188055822165
28.39999999999514,-17783.96026245503,302.9492218899221
28.599999999995028,-17888.541967184225,321.7498544445681
28.799999999994917,-18066.78725759196,330.95847956749657
28.999999999994806,-18068.60359487975,332.09882138877924
29.199999999994695,-15614.838170073548,328.44830778452496
29.399999999994584,-15820.007103798998,337.96320980812874
29.599999999994473,-15859.012691467258,339.56623514405345
29.799999999994363,-15778.972636738661,331.8383544672262
29.99999999999425,-15900.264424017878,323.2948181902244
30.19999999999414,-15633.173168798938,333.07037420501143
30.39999999999403,-15642.697389515568,328.52259918346766
30.59999999999392,-15593.908596663212,316.16225327380295
30.79999999999381,-15635.518750815289,315.6548315934601
30.999999999993697,-15656.351702284373,317.7921319568019
31.199999999993587,-15800.507513519435,328.7426886562449
31.399999999993476,-15855.214605202127,315.984337100933
31.599999999993365,-16020.580888247467,322.0423958700006
31.799999999993254,-15964.60354298378,313.91477004308115
31.999999999993143,-16111.011059617784,313.4381505985688
32.19999999999339,-16171.609829169058,312.53430812707626
32.39999999999363,-16128.683274604686,300.4415089791472
32.59999999999388,-16131.592911125364,299.6157653666966
32.79999999999412,-16253.600918806493,300.9513161095718
32.999999999994365,-16529.772019516924,312.84053512410657
33.19999999999461,-16362.340155996964,284.0066759268158
33.399999999994854,-16430.82568672957,293.5328465121995
33.5999999999951,-16349.01062647767,286.4547296306226
33.79999999999534,-16513.83996143259,303.7208727567361
33.99999999999559,-16445.746716024572,290.0058439951256
34.19999999999583,-16498.0740093403,292.3872839448744
34.399999999996076,-16588.52479470543,306.90145058610193
34.59999999999632,-16433.76698220543,299.37478513439436
34.799999999996565,-16526.734625486715,293.84164256723045
34.99999999999681,-16497.75874663866,280.38235804024873
35.199999999997054,-16575.556692816783,288.91715008162777
35.3999999999973,-16605.831527531904,293.32720161466807
35.59999999999754,-16507.702534401018,290.4736914188325
35.79999999999779,-16670.419989021408,313.20050865140195
35.99999999999803,-16550.592485190064,293.02578466271206
36.199999999998276,-16678.931702389542,298.9557913792852
36.39999999999852,-16572.94918110507,296.04916181081353
36.599999999998765,-16536.643349721577,296.09666905814214
36.79999999999901,-16672.337661321,304.3537538944622
36.999999999999254,-16610.294480840137,295.22915404793554
37.1999999999995,-16536.247692988472,288.47119081750384
37.39999999999974,-16435.049817870196,286.3986926847039
37.59999999999999,-16425.46047755475,279.658605784046
37.80000000000023,-16443.266004833655,278.2311689208939
38.000000000000476,-16359.619690762353,288.88193284142875
38.20000000000072,-16362.04743703219,295.2237512865497
38.400000000000965,-16211.988840337333,290.6597893979637
38.60000000000121,-16480.286144390164,309.31124847124966
38.800000000001454,-16271.67453333165,303.82876775011806
39.0000000000017,-16220.457501119046,298.2109598911823
39.20000000000194,-16172.864600726083,299.2277964769484
39.40000000000219,-16262.572672151058,302.1844694403352
39.60000000000243,-16225.400797151058,310.61463261053217
39.800000000002676,-16175.49594870473,307.797343648276
40.00000000000292,-16218.309540730159,311.0778316607883
40.200000000003165,-16268.742581197788,323.7898964322557
40.40000000000341,-16134.545101315554,302.3063496877231
40.600000000003654,-16231.469720116977,297.88389575030664
40.8000000000039,-16220.07325713709,302.6757332092371
41.00000000000414,-16227.277752294496,299.64339255614993
41.20000000000439,-16383.302337912493,319.91748652299884
41.40000000000463,-16194.615403754447,301.1037585746164
41.600000000004876,-16258.870291102343,311.3998240944767
41.80000000000512,-16244.148941693638,301.38428532038216
42.000000000005365,-16269.685054082263,304.9536947043973
42.20000000000561,-15862.764785794192,307.4204921163375
42.40000000000585,-15885.98103463577,309.119235348728
42.6000000000061,-15791.279212392226,301.71519320040386
42.80000000000634,-15744.908207775938,296.3656577828361
43.00000000000659,-15804.892415918279,297.1424178480422
43.20000000000683,-16019.470916864011,314.92736156282666
43.400000000007076,-15998.910736063903,303.5833783438916
43.60000000000732,-16005.701986028784,301.92659286748346
43.800000000007564,-16043.56963025502,292.49496008988797
44.00000000000781,-16103.23224051416,312.8646836506622
44.20000000000805,-16355.108618520579,299.5236196722243
44.4000000000083,-16427.714201808078,302.9378227209693
44.60000000000854,-16263.015387055915,294.5851846874759
44.80000000000879,-16228.239075538411,297.07355812249614
45.00000000000903,-16277.217379938913,306.27516231408123
45.200000000009275,-16290.874721549335,296.34769505740127
45.40000000000952,-16338.794829521896,305.1084380947534
45.600000000009764,-16383.585263240617,300.32249846786357
45.80000000001001,-16344.12424079499,308.8224235591413
46.00000000001025,-16435.46556098714,299.6796358389063
46.2000000000105,-16297.21251286089,302.8060008796988
46.40000000001074,-16219.92251524904,302.09667967838493
46.600000000010986,-16179.753506086287,304.9208166644174
46.80000000001123,-16275.035414573125,309.3085291689178
47.000000000011475,-16196.965102073125,297.53717898138706
47.20000000001172,-16437.037411854573,315.3709217808214
47.400000000011964,-16324.463799963647,304.97379714202134
47.60000000001221,-16408.02088709599,309.00516847208826
47.80000000001245,-16328.007676059453,303.57590647516946
48.0000000000127,-16327.507455129467,291.75693092885297
48.20000000001294,-16378.089137993637,306.0197665269897
48.400000000013186,-16226.761658268006,286.30495698341383
48.60000000001343,-16316.210335518816,296.2382828826736
48.800000000013675,-16221.004185969257,292.8489780150844
49.00000000001392,-16299.291743999507,288.4214753721125
49.200000000014164,-16461.68872278808,304.4309424867589
49.40000000001441,-16314.400716635864,297.9975126258934
49.60000000001465,-16390.518200603634,298.09282939093623
49.8000000000149,-16580.70665668843,294.160534014802
50.00000000001514,-16481.246343890365,291.57301014496664
50.200000000015386,-16385.7674916829,286.74958650488526
50.40000000001563,-16621.86661142658,300.1903132580027
50.600000000015875,-16458.70583466749,295.09324134884054
50.80000000001612,-16438.724837551723,296.0108576111676
51.000000000016364,-16450.43086353036,297.71418300215095
51.20000000001661,-16371.9967473883,296.8540227579301
51.40000000001685,-16352.556640814058,292.9014859679409
51.6000000000171,-16433.14655345035,303.02993727304283
51.80000000001734,-16437.93669632626,295.3750924825455
52.000000000017586,-16419.73740773686,288.4613681962778
52.20000000001783,-16390.008036909305,293.90894292385616
52.400000000018075,-16265.354756337154,294.5641872379619
52.60000000001832,-16419.910279088406,305.72898888780765
52.800000000018564,-16375.104076147414,301.4783032707855
53.00000000001881,-16399.506449135195,304.7316201698298
53.20000000001905,-16404.359355107634,298.4342618471381
53.4000000000193,-16466.623929144043,298.897204096103
53.60000000001954,-16437.5455753102,298.4489188986328
53.800000000019786,-16611.456317256074,302.73284593738595
54.00000000002003,-16585.431961320035,298.17192265452945
54.200000000020275,-16422.951596365863,284.51089850124
54.40000000002052,-16482.369284062865,306.2754191333189
54.60000000002076,-16455.65993285735,310.32166064346274
54.80000000002101,-16328.854762062561,295.8060060596143
55.00000000002125,-16330.823512062561,298.0587045048822
55.2000000000215,-16370.776115124041,302.42856770483655
55.40000000002174,-16318.185286112028,295.3221932756308
55.600000000021986,-16214.545223930458,284.86421238675894
55.80000000002223,-16325.430155498776,291.4629250317569
56.000000000022474,-16370.720451093206,297.0905092759167
56.20000000002272,-16341.950972520732,293.96118901932294
56.40000000002296,-16268.955518963732,298.13147804140925
56.60000000002321,-16325.437972303596,312.3429113813891
56.80000000002345,-16258.26084463003,306.29196467061774
57.0000000000237,-16338.092412649625,314.694536057335
57.20000000002394,-16219.162629915416,294.22800376270504
57.400000000024185,-16343.714968814733,303.99398161488796
57.60000000002443,-16232.244590809743,283.7876110694203
57.800000000024674,-16228.973937319024,285.42790489446566
58.00000000002492,-16256.33810951488,294.38286828691065
58.20000000002516,-16698.732870604872,303.11260810855214
58.40000000002541,-16522.238192441175,295.1764166104464
58.60000000002565,-16652.464316249243,295.8930354537226
58.800000000025896,-16514.99206417933,288.57372629521
59.00000000002614,-16732.153333805254,303.9590253324695
59.200000000026385,-16616.045433408115,303.64989322758356
59.40000000002663,-16544.726409373456,294.17110672880153
59.600000000026874,-16776.141801560254,301.80745238380314
59.80000000002712,-16716.765002289758,294.79066571729146
60.00000000002736,-16670.88927360953,289.8219721817019
60.20000000002761,-16284.848791039389,293.34232241970136
60.40000000002785,-16252.767199942027,298.3426047357236
60.600000000028096,-16363.223128327998,312.0635078286986
60.80000000002834,-16309.96442489438,308.73724409510845
61.000000000028585,-16240.62022715155,308.08137576424593
61.20000000002883,-16187.078325797367,305.0767273927504
61.400000000029074,-16035.697175667156,292.8794777931647
61.60000000002932,-16138.935981376431,302.9759762320271
61.80000000002956,-16247.830998789199,316.19868312738805
62.00000000002981,-16191.206147672303,313.3331033148123
62.20000000003005,-16081.68230949709,299.3263150436334
62.400000000030296,-16193.944142877677,303.4266477500111
62.60000000003054,-16189.69580137018,295.32857048695666
62.800000000030785,-16324.819344919626,305.5095444754715
63.00000000003103,-16356.275134139549,299.747639211319
63.200000000031274,-16332.829542864405,291.81492736453765
63.40000000003152,-16425.443988137427,293.012940997633
63.60000000003176,-16450.887604359523,303.47374793410944
63.80000000003201,-16311.760623445458,288.92935182649455
64.00000000003224,-16401.760757462296,294.784263079366
64.20000000003178,-16401.917104805078,305.5889246736446
64.40000000003131,-16176.437696923982,296.84651631251415
64.60000000003085,-16270.794885759751,312.4831826151377
64.80000000003038,-16175.093579184293,317.3449984050362
65.00000000002991,-16066.568876021396,313.3810742392664
65.20000000002945,-16123.688711793686,302.2395793454208
65.40000000002898,-16057.570789946374,297.8315375988562
65.60000000002852,-16193.258109363014,309.26994281158335
65.80000000002805,-16185.766655961008,309.40559816943875
66.00000000002758,-16166.241849830432,305.3079346527518
66.20000000002712,-16138.5606796832,304.0978486753861
66.40000000002665,-16245.407982654724,312.3065419714971
66.60000000002618,-16144.372824804988,307.88509459493014
66.80000000002572,-16019.424474321233,297.84650164631734
67.00000000002525,-16128.77262408701,308.9445380226118
67.20000000002479,-16097.820960333309,302.6909908733052
67.40000000002432,-16277.823822930979,310.9293798895747
67.60000000002385,-16305.85892521475,307.6218163632536
67.80000000002339,-16057.152821691649,289.85131412429996
68.00000000002292,-16165.514213824354,301.2604969161764
68.20000000002246,-16147.025327479743,302.8117086396327
68.40000000002199,-16161.350129281112,297.13427354528875
68.60000000002152,-16210.233452086512,292.1485561329428
68.80000000002106,-16214.177632421284,299.7941204528408
69.00000000002059,-16120.415146108106,300.38102267980275
69.20000000002013,-16147.687010668553,303.27533446932597
69.40000000001966,-16189.132589530214,308.90418576167286
69.6000000000192,-16223.728984572663,310.20957030868726
69.80000000001873,-16041.929049197832,296.1344032060329
70.00000000001826,-16146.949036178994,303.50709176482167
70.2000000000178,-16097.603832082503,303.4260022396243
70.40000000001733,-15959.63807513204,288.55998509247746
70.60000000001686,-16312.179741611428,315.4978194976894
70.8000000000164,-16387.652457208736,309.7388264571796
71.00000000001593,-16327.630429231242,306.4609569353452
71.20000000001546,-16396.97556658325,308.2410546767023
71.400000000015,-16411.60422102362,304.4227991008724
71.60000000001453,-16309.795594910203,301.61408678757505
71.80000000001407,-16206.865244160392,303.8759112334495
72.0000000000136,-16235.48132239678,305.1917394089554
72.20000000001313,-16245.233476139765,302.4789171166145
72.40000000001267,-16210.487430965863,301.67690449358867
72.6000000000122,-16171.721805965863,309.9828473685236
72.80000000001174,-16197.487367824055,303.33228176768097
73.00000000001127,-16239.175323317788,298.3787390170453
73.2000000000108,-16390.413951636918,311.1833354929933
73.40000000001034,-16260.764381021654,297.8729832177623
73.60000000000987,-16332.224727611407,306.55660664577147
73.8000000000094,-16281.229731620973,300.40922760997574
74.00000000000894,-16411.564084316182,300.35538208902517
74.20000000000847,-16404.109910631392,288.07976404658183
74.400000000008,-16588.46640523267,306.414482477366
74.60000000000754,-16341.71640523267,291.6191705374014
74.80000000000707,-16612.73173763197,310.7094811229636
75.00000000000661,-16470.60527662268,303.7203473213864
75.20000000000614,-16347.267702952813,293.7549411446331
75.40000000000568,-16424.098824646673,295.06979825059295
75.60000000000521,-16486.55661057531,304.0449556222096
75.80000000000474,-16370.966135072464,293.1145871909333
76.00000000000428,-16377.087449537794,297.1561204523813
76.20000000000381,-16207.978798711309,292.0505651596853
76.40000000000335,-16193.931187052644,299.5329465093658
76.60000000000288,-16134.55383651951,302.43723162800393
76.80000000000241,-16153.356354198957,300.97232442243353
77.00000000000195,-16199.373198341651,305.8247345605902
77.20000000000148,-16327.744679564974,322.16017325202864
77.40000000000101,-16278.278767402473,311.3783448136858
77.60000000000055,-16223.535481562052,303.49812997160245
77.80000000000008,-16241.555895053287,308.4062262650686
77.99999999999962,-16157.648106883527,300.73524738829116
78.19999999999915,-16280.882481883527,317.19809348858996
78.39999999999868,-16241.183473762823,310.6242308069062
78.59999999999822,-16300.91882488475,317.46002498235134
78.79999999999775,-16183.648722059093,306.15612822196107
78.99999999999729,-16215.616966704227,294.05312492733276
79.19999999999682,-16244.819101152607,296.8464001360581
79.39999999999635,-16227.760255586167,300.35767958879467
79.59999999999589,-16113.379159319084,290.43453395442936
79.79999999999542,-16213.411220806607,297.5410906647427
79.99999999999496,-16230.644646728673,299.03549812508953
80.19999999999449,-16315.08979765186,305.83911240310715
80.39999999999402,-16205.460565095695,283.7491476662829
80.59999999999356,-16413.184523305463,293.62011581768394
80.79999999999309,-16278.428598547122,295.95906758881915
80.99999999999262,-16250.88671403013,295.44427045544217
81.19999999999216,-16273.265806048788,302.1289989517081
81.39999999999169,-16177.899542195024,312.0230661458687
81.59999999999123,-16227.087467395453,309.85549380369065
81.79999999999076,-16171.0452366573,299.9693084152585
81.9999999999903,-16392.69500726003,307.1913618987615
82.19999999998983,-16380.118799554024,308.6023495754928
82.39999999998936,-16269.130156817337,303.6591932551301
82.5999999999889,-16335.064595234653,304.4115358792568
82.79999999998843,-16309.404563314834,303.7430262314076
82.99999999998796,-16397.20506738413,308.5312767059129
83.1999999999875,-16275.433631252847,294.6974540467947
83.39999999998703,-16380.906251648456,310.8495575853914
83.59999999998657,-16125.620109853175,299.7246782758226
83.7999999999861,-16202.523702421866,307.2467914337783
83.99999999998563,-16459.601827421866,310.73133747952437
84.19999999998517,-16279.067509856744,293.5872586977616
84.3999999999847,-16259.030824266665,293.01762474102924
84.59999999998423,-16292.853835850241,295.1183903591123
84.79999999998377,-16306.014651696518,294.76958812562066
84.9999999999833,-16283.458796927196,300.79419174732584
85.19999999998284,-16484.852057970056,303.2062073123983
85.39999999998237,-16243.527618834705,291.14895786254283
85.5999999999819,-16267.451359880288,296.90338200699847
85.79999999998144,-16353.964006605296,302.3043927353915
85.99999999998097,-16231.326746079954,286.2140064776109
86.1999999999805,-16231.837149802654,299.94147296290953
86.39999999998004,-16329.763506216463,298.71884620427727
86.59999999997957,-16332.374853138594,296.5352883256359
86.79999999997911,-16434.49602157947,316.42649829936795
86.99999999997864,-16379.971593436858,311.20155483919496
87.19999999997817,-16165.721593436858,288.0501320442544
87.39999999997771,-16420.55271579523,296.26981643334915
87.59999999997724,-16408.12598773325,293.3458152702444
87.79999999997678,-16253.34236672135,282.78609668860264
87.99999999997631,-16442.08963383932,288.99277034933147
88.19999999997584,-16540.19566368885,294.45851627733464
88.39999999997538,-16459.461844850972,291.4418481770945
88.59999999997491,-16584.865622739148,298.88040808661754
88.79999999997445,-16543.15583155997,297.10801983279043
88.99999999997398,-16458.567671601486,282.507635195431
89.19999999997351,-16513.58768898266,286.81136575800076
89.39999999997305,-16666.69027390283,291.22581472490975
89.59999999997258,-16672.95854253987,291.42067539138606
89.79999999997212,-16620.834296023662,287.8142225715492
89.99999999997165,-16511.583031440576,287.12166870197217
90.19999999997118,-16261.364281440576,272.45853217362003
90.39999999997072,-16399.21985785378,293.33948403628995
90.59999999997025,-16516.308784346882,301.1426639951157
90.79999999996978,-16358.162620028947,292.0005146243322
90.99999999996932,-16287.305015681224,284.5286579320984
91.19999999996885,-16346.603995314144,294.5590829982725
91.39999999996839,-16321.009777927466,292.54747556679433
91.59999999996792,-16399.794492924106,299.70617043502017
91.79999999996745,-16424.4549373153,300.53455827556166
91.99999999996699,-16198.816872619558,292.83884000179586
92.19999999996652,-16340.322405207233,307.61113298217174
92.39999999996606,-16355.003996205967,305.07590040970007
92.59999999996559,-16334.146807388694,308.73070799325757
92.79999999996512,-16366.233371454262,300.8954679377979
92.99999999996466,-16472.12032255002,310.60269296587273
93.19999999996419,-16422.240532535274,316.28265289297474
93.39999999996373,-16481.32460458565,314.3621746435369
93.59999999996326,-16431.212288770956,304.7394420844324
93.7999999999628,-16509.862327932264,298.03044175021364
93.99999999996233,-16432.27022426894,292.88553427412035
94.19999999996186,-16137.875776527842,296.1994802619009
94.3999999999614,-16155.49825901058,301.5594411697911
94.59999999996093,-16268.06820725379,306.0875556996259
94.79999999996046,-16194.123236081941,302.91501176503607
94.99999999996,-16160.147473585515,299.2622259547665
95.19999999995953,-16240.597020408968,310.2341305600563
95.39999999995906,-16178.83489153927,307.0718568132826
95.5999999999586,-16256.093205593992,306.1353477933459
95.79999999995813,-16203.878831511378,302.6042724420758
95.99999999995767,-16181.83812090785,295.2889382146456
96.1999999999572,-16239.784015107944,296.0893927026816
96.39999999995673,-16266.854052995943,288.61602679415824
96.59999999995627,-16313.57742956969,283.8822809029281
96.7999999999558,-16420.98367956969,294.59259262553894
96.99999999995534,-16239.270530924085,284.93275826457744
97.19999999995487,-16354.825218424085,302.0271066440483
97.3999999999544,-16316.881371804862,299.27811033805324
97.59999999995394,-16357.334134105564,298.06341434295933
97.79999999995347,-16332.207952305034,298.6873263535462
97.999999999953,-16325.27382054503,306.427657050488
98.19999999995254,-16283.827570292327,304.25226013932803
98.39999999995207,-16169.249727254253,293.784281983361
98.5999999999516,-16319.953152173679,304.2482450425369
98.79999999995114,-16241.522236650708,307.7316527276236
98.99999999995067,-16208.387909788551,297.98107488258927
99.19999999995021,-16265.845754866197,283.88887272352343
99.39999999994974,-16386.324306799594,293.48310192661916
99.59999999994928,-16409.556504920605,294.3081738591917
99.79999999994881,-16430.81296986915,286.73646390957816
99.99999999994834,-16417.153148131663,288.61726798586574
100.19999999994788,-16588.596606868276,303.78150074376913
100.39999999994741,-16372.978583394783,283.1001620058362
100.59999999994695,-16524.215611888794,304.07881833401353
100.79999999994648,-16379.068176976478,296.7824548431365
100.99999999994601,-16331.224611636993,294.3889918551429
101.19999999994555,-16408.813974822187,295.95253234557174
101.39999999994508,-16343.47311866915,293.68777753935285
101.59999999994461,-16279.544947252638,293.7337011051081
101.79999999994415,-16463.835980435615,309.20824058455565
101.99999999994368,-16261.242990834086,295.80864231229873
102.19999999994322,-16236.342431137004,287.44347455596017
102.39999999994275,-16313.715262200465,297.4122006582397
102.59999999994228,-16369.837463622447,305.0140047649132
102.79999999994182,-16396.520058843264,305.0025796348273
102.99999999994135,-16365.676442845841,303.78101806348275
103.19999999994089,-16350.9170617989,308.0468770593585
103.39999999994042,-16210.57466041841,296.222962155365
103.59999999993995,-16090.44218579866,292.65848989756097
103.79999999993949,-16142.666934585519,293.805831239099
103.99999999993902,-16139.801188324549,297.1240363188702
104.19999999993856,-16089.822568269592,296.2122832480956
104.39999999993809,-16132.76356639163,298.85117729472785
104.59999999993762,-16165.602934437498,306.7467237829432
104.79999999993716,-16243.576967170855,315.764095153431
104.99999999993669,-16169.460023044972,303.3693620057931
105.19999999993622,-16169.302450535557,308.1885063555802
105.39999999993576,-16181.302012160537,301.27026587422694
105.59999999993529,-16148.63189760079,303.9140064568151
105.79999999993483,-16213.772705767391,308.23496982379703
105.99999999993436,-16352.371947345382,308.01131254901617
106.1999999999339,-16245.922449985621,294.5051759876384
106.39999999993343,-16182.349497315809,297.8352248136199
106.59999999993296,-16251.334499430843,301.32546332855185
106.7999999999325,-16229.905597562916,291.7787090981909
106.99999999993203,-16331.029374164165,313.00249844059323
107.19999999993156,-16265.599559335431,299.9097774169778
107.3999999999311,-16431.953866832948,305.6515232365745
107.59999999993063,-16412.8182301029,311.7801050469574
107.79999999993017,-16223.441395966394,298.59683459822116
107.9999999999297,-16324.439954336078,305.0234699646105
108.19999999992923,-16150.330948732502,291.5512177890219
108.39999999992877,-16371.852047953464,293.06343593725876
108.5999999999283,-16324.66555385264,293.65958637421664
108.79999999992783,-16325.789948165359,299.78772432246484
108.99999999992737,-16203.557871692305,296.4452081488221
109.1999999999269,-16253.201168530286,303.2766827642626
109.39999999992644,-16405.748043530286,291.6619269662471
109.59999999992597,-16446.837154738678,283.48528317647776
109.7999999999255,-16317.05082997345,291.29372229910206
109.99999999992504,-16223.815816387054,288.23792770839316
110.19999999992457,-16393.0650927643,302.4088276280077
110.3999999999241,-16396.42258005416,291.9765646628445
110.59999999992364,-16407.81605450042,301.82236354786363
110.79999999992317,-16316.311524906821,304.09158377369704
110.99999999992271,-16258.467774906821,306.60092149286606
111.19999999992224,-16224.199045045112,298.7563349396352
111.39999999992177,-16165.638426120859,296.42688927875884
111.59999999992131,-16142.215762349078,302.4444447110643
111.79999999992084,-16134.934011757563,300.3996691987263
111.99999999992038,-16074.81184736469,302.4207467932773
112.19999999991991,-16116.39787428033,292.44333791829706
112.39999999991944,-16234.350109868363,300.73110303700275
112.59999999991898,-16472.042582382594,321.15435443064865
112.79999999991851,-16143.400453542854,290.0691479984631
112.99999999991805,-16232.208818737883,294.160554925102
113.19999999991758,-16505.417835798842,313.5372350345821
113.39999999991711,-16340.84006970987,299.1097264649453
113.59999999991665,-16266.717079213806,294.92584204609767
113.79999999991618,-16243.195773204134,308.27742580456857
113.99999999991572,-16208.192283558907,295.90954201776344
114.19999999991525,-16268.378982936818,293.85656485500766
114.39999999991478,-16270.382135270294,294.7926947304786
114.59999999991432,-16311.018445387454,294.90598712201705
114.79999999991385,-16333.24956062372,296.2633416889883
114.99999999991338,-16380.067063713359,301.05951242781475
115.19999999991292,-16344.665028675052,299.7315491733405
115.39999999991245,-16286.200247770917,302.210616343253
115.59999999991199,-16280.002158358911,306.3145001864437
115.79999999991152,-16274.460530631099,294.46643768059477
115.99999999991105,-16381.32727580209,306.59924708769273
116.19999999991059,-16196.854912633833,301.5978179025641
116.39999999991012,-16324.093497336493,297.42537293805424
116.59999999990966,-16435.075531406226,298.43042027491873
116.79999999990919,-16335.027188678374,299.1095895690133
116.99999999990872,-16340.761563678374,301.0835978503837
117.19999999990826,-16300.635536370071,303.82254110758
117.39999999990779,-16345.786103678722,305.2131256086269
117.59999999990733,-16383.366653520716,309.77585806192724
117.79999999990686,-16365.816031863971,294.5099870184305
117.9999999999064,-16355.004966747423,300.6418297497299
118.19999999990593,-16234.625290144933,303.8983863620626
118.39999999990546,-16215.129407986547,294.13035198239817
118.599999999905,-16289.535543954888,291.18138348801756
118.79999999990453,-16415.197249121862,298.6197331847957
118.99999999990406,-16434.004778353876,300.9121488795736
119.1999999999036,-16248.151020413483,298.7877729525382
119.39999999990313,-16125.026575163152,288.27714052699275
119.59999999990266,-16358.484540134232,312.64632589873514
119.7999999999022,-16182.197757060625,294.92496577408764
119.99999999990173,-16160.658440818952,291.02118369499135
120.19999999990127,-16196.629336195896,292.07644851381997
120.3999999999008,-16188.066031099093,288.2011132422002
120.59999999990033,-16412.348771000135,304.55348242197533
120.79999999989987,-16242.065456958939,289.6123444481577
120.9999999998994,-16307.270194084907,300.3789065396687
121.19999999989894,-16327.244305564585,304.1486263789937
121.39999999989847,-16245.697551877907,303.80562712144956
121.599999999898,-16176.325243600775,307.508043781548
121.79999999989754,-16173.78493599502,309.0492528119238
121.99999999989707,-16202.439836922451,304.1381640431741
122.1999999998966,-16311.348616904346,320.51251113687096
122.39999999989614,-16138.32399522647,299.00567972191584
122.59999999989567,-16360.296499076678,314.31743498751524
122.7999999998952,-16289.027016094959,310.6510898409131
122.99999999989474,-16460.914370740473,313.2222931060057
123.19999999989427,-16280.044769237298,294.3413872660266
123.39999999989381,-16238.74334291958,283.7528202780617
123.59999999989334,-16540.529759694735,300.8778493566347
123.79999999989288,-16425.000484894947,291.06050223517633
123.99999999989241,-16527.3942001111,302.64917278233264
124.19999999989194,-16494.306789412163,298.5537438399102
124.39999999989148,-16461.032749431717,299.1732223476103
124.59999999989101,-16554.139925055497,293.4480127876325
124.79999999989055,-16539.29158286551,290.0409298999754
124.99999999989008,-16470.112937290134,298.61163072874905
125.19999999988961,-16453.1549244076,290.74259110923174
125.39999999988915,-16514.727982461452,294.79781482526704
125.59999999988868,-16466.514597958972,292.74764192655624
125.79999999988821,-16489.954480003405,286.28410928519156
125.99999999988775,-16504.628832522896,289.98440126223835
126.19999999988728,-16431.61236964882,285.76389394825406
126.39999999988682,-16446.252912386437,296.2868519309476
126.59999999988635,-16441.77349533394,306.4068099662907
126.79999999988588,-16316.018107339813,295.79135556280653
126.99999999988542,-16459.347842022427,305.634410383945
127.19999999988495,-16299.63619304185,285.3383071655385
127.39999999988449,-16358.220399990576,289.6137365478504
127.59999999988402,-16544.61597929521,310.82304045088017
127.79999999988355,-16435.88551330172,296.6208597089499
127.99999999988309,-16316.590515476404,293.81010875328525
128.19999999988403,-16360.536655489312,301.43612595414487
128.39999999988498,-16334.114311122059,293.40747589323615
128.59999999988594,-16432.99849190074,295.1615041526679
128.7999999998869,-16383.698028458413,301.12215033456664
128.99999999988785,-16225.180825155243,289.1584900474687
129.1999999998888,-16404.427822527592,309.2339727694107
129.39999999988976,-16307.492269041875,300.796575208161
129.5999999998907,-16299.367540061998,292.15018380395026
129.79999999989167,-16199.153398775408,294.26836668362233
129.99999999989262,-16230.029767936416,302.2897030401498
130.19999999989358,-16052.41495076206,301.1083551818781
130.39999999989453,-15932.603821847428,298.75555162104325
130.5999999998955,-16032.631364849498,304.96384170264815
130.79999999989644,-16007.168187986128,311.7341243125047
130.9999999998974,-15883.932119061297,295.08757159929166
131.19999999989835,-16069.603430947813,308.95703773624666
131.3999999998993,-15996.347572851679,297.3189115833199
131.59999999990026,-15907.126841067759,299.5758310740299
131.79999999990122,-16057.87660819167,313.17401206131626
131.99999999990217,-16117.59535819167,308.8050662364449
132.19999999990313,-16454.122656821302,315.44687554305574
132.39999999990408,-16317.487579266337,300.94956013714284
132.59999999990504,-16385.97382742267,299.4375347661495
132.799999999906,-16358.753892010587,293.7543842842859
132.99999999990695,-16433.84319697332,294.9909894151846
133.1999999999079,-16409.493811239707,297.81418661079505
133.39999999990886,-16434.69670907737,296.0633103144583
133.5999999999098,-16343.01252718686,283.7338186580396
133.79999999991077,-16496.159717677976,303.7208458181023
133.99999999991172,-16566.711503181054,303.4291338540783
134.19999999991268,-15807.537678037086,293.32497668856854
134.39999999991363,-15875.909373608723,296.5976251214158
134.5999999999146,-15804.359013135792,291.5024852378397
134.79999999991554,-15907.141539559467,289.9339874648217
134.9999999999165,-15952.129332782511,301.63130365399655
135.19999999991745,-15822.553520718546,299.7772133483144
135.3999999999184,-15775.91549328035,307.056813023733
135.59999999991936,-15790.956497763895,298.48831628696325
135.79999999992032,-15883.346388621605,288.4748001275926
135.99999999992127,-15895.436180343619,292.2783185777752
136.19999999992223,-16500.660241877806,301.6732985271095
136.39999999992318,-16499.60611859926,299.945133562435
136.59999999992414,-16562.482497645862,311.7166374929563
136.7999999999251,-16281.738969933824,286.9663028007731
136.99999999992605,-16283.493656796796,291.7714244224943
137.199999999927,-16409.82743217534,298.40708301074295
137.39999999992796,-16213.119219384855,286.86740956737407
137.5999999999289,-16382.14916568852,293.4572418824325
137.79999999992987,-16315.175787311484,293.6064856722485
137.99999999993082,-16358.783514675379,294.70994740227206
138.19999999993178,-16208.297002063264,286.80719844088287
138.39999999993273,-16302.476689563264,292.4748060512829
138.5999999999337,-16239.847089568837,297.1234662788084
138.79999999993464,-16377.966667171291,303.9177067391005
138.9999999999356,-16071.79131775655,283.9488508135833
139.19999999993655,-16140.533995199308,286.4986892033629
139.3999999999375,-16142.392270916971,291.9011885851543
139.59999999993846,-16250.13654676365,303.93261639137785
139.79999999993942,-16345.065205475548,302.0273253607988
139.99999999994037,-16383.332087713425,297.1260128818299
140.19999999994133,-16241.154646547991,294.5604786890764
140.39999999994228,-16265.853951769182,294.30051554519764
140.59999999994324,-16268.099695855999,291.4586827775129
140.7999999999442,-16284.758103533663,290.75096278420756
140.99999999994515,-16381.431697701119,301.1527972792568
141.1999999999461,-16272.905067163345,302.42433302133674
141.39999999994706,-16233.9232432157,296.7447430544432
141.599999999948,-16386.083401996235,301.5329423969092
141.79999999994897,-16379.2934558509,293.6619175824826
141.99999999994992,-16551.866355410297,301.21864076974975
142.19999999995088,-16577.63997129914,299.31231434090625
142.39999999995183,-16448.91408837191,295.44147294329093
142.5999999999528,-16396.106420816825,298.36709357937156
142.79999999995374,-16503.22885529879,304.39705517228225
142.9999999999547,-16442.189844241468,305.96375936448464
143.19999999995565,-16338.97293865119,288.8030421580793
143.3999999999566,-16477.144732844245,301.4594058021667
143.59999999995756,-16400.370490403802,304.21804984613
143.79999999995852,-16383.296390438583,307.2856425017137
143.99999999995947,-16454.499159730796,306.24943785311274
144.19999999996043,-16746.705706035093,312.00741064026664
144.39999999996138,-16616.71413253517,301.2355161572271
144.59999999996234,-16642.341862849527,301.76519486757735
144.7999999999633,-16669.051999536678,298.23837781585905
144.99999999996425,-16773.152026150972,300.5557208992412
145.1999999999652,-16399.798080905035,294.2541140628868
145.39999999996616,-16586.59647874956,293.2717392774346
145.5999999999671,-16503.489087316164,288.94822810274513
145.79999999996807,-16640.142184467593,305.2979046656545
145.99999999996902,-16588.854692416746,293.4250752070545
146.19999999996998,-16482.1117027024,292.4078288871209
146.39999999997093,-16605.2367027024,298.98632725200514
146.59999999997189,-16532.162793427706,295.3404871475017
146.79999999997284,-16509.26692396171,300.96658389746233
146.9999999999738,-16431.86848646171,295.995855217352
147.19999999997475,-16456.18896635252,293.1493230951071
147.3999999999757,-16292.777957114871,286.44113607787773
147.59999999997666,-16359.520144614871,309.51186814268215
147.79999999997762,-16312.420695965804,308.70401410902224
147.99999999997857,-16322.541865131527,308.4167841746776
148.19999999997953,-16308.896976998134,301.9479995562517
148.39999999998048,-16408.819645634983,312.38722635607206
148.59999999998143,-16292.793853677562,303.94118440474136
148.7999999999824,-16115.548928204327,298.6392048887082
148.99999999998334,-16213.212753846674,302.4506606093439
149.1999999999843,-16293.369003846674,301.0074790202285
149.39999999998525,-16231.627520614638,297.969532116162
149.5999999999862,-16069.187771933852,292.0805906277958
149.79999999998716,-16024.099458400233,291.3927005549384
149.99999999998812,-16134.239538483424,288.6200689209404
150.19999999998907,-16227.784268734948,299.53307534416655
150.39999999999003,-16184.3524526775,298.1075514727164
150.59999999999098,-16244.091694261515,301.4092399983981
150.79999999999194,-16228.635903794944,302.27399001933895
150.9999999999929,-16152.170956210713,288.9718780843892
151.19999999999385,-16244.711347542281,289.1526570252556
151.3999999999948,-16309.899378626797,295.35316975569333
151.59999999999576,-16372.10824914879,294.4983828256398
151.79999999999671,-16188.253102303774,290.00162938312536
151.99999999999767,-16336.510914803774,293.16498079526656
152.19999999999862,-16299.248459558046,300.3886255298229
152.39999999999958,-16339.610501699543,292.62901864389505
152.60000000000053,-16433.535360999915,302.2101641028106
152.8000000000015,-16328.232342482253,301.1272397565695
153.00000000000244,-16333.836074041668,303.61880192413
153.2000000000034,-16285.568929791829,285.8759728781419
153.40000000000435,-16470.986458752057,296.8704082767471
153.6000000000053,-16309.032281834938,289.1881202342568
153.80000000000626,-16403.81126215744,300.8125161336253
154.00000000000722,-16243.779321921611,297.3781897974265
154.20000000000817,-14956.510202756195,291.4325040292691
154.40000000000913,-14971.984767936054,294.008012892024
154.60000000001008,-15109.954826059096,305.38756127933453
154.80000000001104,-14825.07223897695,299.49438960545774
155.000000000012,-14955.197859000444,303.7513653601788
155.20000000001295,-15123.72668384375,324.89575262005536
155.4000000000139,-15084.649457069347,311.256238364607
155.60000000001486,-15186.512443077896,311.4198919531043
155.8000000000158,-15251.990080806165,321.1823584480089
156.00000000001677,-15292.783275250913,322.76666597044704
156.20000000001772,-16051.16388245023,316.71630539935836
156.40000000001868,-16096.41033021416,307.88751617834333
156.60000000001963,-16141.327092652573,303.6569249936057
156.8000000000206,-16078.72156245292,306.96294801426467
157.00000000002154,-16210.669911903955,320.7864734366023
157.2000000000225,-16154.072602193031,309.89299850348476
157.40000000002345,-16131.627355386256,309.30918787464043
157.6000000000244,-16018.214485576827,294.7406818964273
157.80000000002536,-16156.462141897267,304.97227707924685
158.00000000002632,-16133.13501415326,307.50427699380924
158.20000000002727,-16155.021268223441,303.55171295456745
158.40000000002823,-16242.89495753152,316.117788003952
158.60000000002918,-15933.6073382748,287.9047173646621
158.80000000003014,-16169.779184881889,295.94195462189737
159.0000000000311,-16119.599290084589,294.6713143731438
159.20000000003205,-16082.880349430197,302.75390883290873
159.400000000033,-16130.573234032534,317.5205120647664
159.60000000003396,-16338.3402161243,330.32060132662957
159.8000000000349,-16326.69648966311,320.79428059827205
160.00000000003587,-16116.351665009788,304.952446836532
160.20000000003682,-16085.562145373566,302.5385332970664
160.40000000003778,-16094.455129801296,293.2311908834188
160.60000000003873,-16288.860835341402,302.6255820726087
160.8000000000397,-16248.38972842037,293.1730357319773
161.00000000004064,-16294.25362951176,296.8034950595878
161.2000000000416,-16144.179119853012,290.77369629192407
161.40000000004255,-16319.835399717951,305.7758035764885
161.6000000000435,-16264.874875479916,301.3062079042125
161.80000000004446,-16348.850266616064,315.99778186559763
162.00000000004542,-16242.789367589008,301.52008689697493
162.20000000004637,-16187.838877805116,302.56335991816024
162.40000000004733,-16179.284837596337,303.96953142674585
162.60000000004828,-16164.85747443157,302.28826761770193
162.80000000004924,-16115.87984840035,294.0054407826008
163.0000000000502,-16155.686924267866,300.8410122393846
163.20000000005115,-16075.264982113338,295.8456160407885
163.4000000000521,-16320.59356348902,312.48220856832484
163.60000000005306,-16215.610486057893,310.53076596471533
163.800000000054,-16039.056169836505,286.85277025482657
164.00000000005497,-16224.298299837334,284.82852367642624
164.20000000005592,-16570.809171849905,294.7409194697204
164.40000000005688,-16527.01357668414,294.5510257360524
164.60000000005783,-16464.774840815662,281.5159926462414
164.8000000000588,-16516.867655479728,293.9606901202643
165.00000000005974,-16519.424358659002,300.9606950462757
165.2000000000607,-16415.734839822413,292.9991626543832
165.40000000006165,-16360.956469729921,293.1970121637553
165.6000000000626,-16470.010748955683,291.2711710003239
165.80000000006356,-16477.467819785044,297.7867481114208
166.00000000006452,-16410.598293210976,285.9173187785078
166.20000000006547,-16361.064374798545,300.75043415512744
166.40000000006643,-16118.436036749627,285.64878056605585
166.60000000006738,-16243.178255279534,317.0476262870082
166.80000000006834,-16179.777267814352,314.02105863493676
167.0000000000693,-16288.944081703434,314.4993893439124
167.20000000007025,-16254.743564580145,301.0387302880764
167.4000000000712,-16287.903893553215,302.85788359954336
167.60000000007216,-16285.603844416502,295.8513835872854
167.8000000000731,-16315.132684116368,304.3595672983495
168.00000000007407,-16278.212808493714,301.5599864180097
168.20000000007502,-16244.167600996007,302.78194476462636
168.40000000007598,-16383.331103940567,312.93890307593017
168.60000000007693,-16245.362112838775,296.9392118880743
168.8000000000779,-16369.33132520887,310.8213856240203
169.00000000007884,-16307.35777235005,303.54089425524154
169.2000000000798,-16282.02633803738,300.4610821441969
169.40000000008075,-16269.014863606702,297.0457876322589
169.6000000000817,-16223.985055382815,288.5424405225891
169.80000000008266,-16169.354252852718,286.2253411828866
170.00000000008362,-16211.927271760738,300.7729548180965
170.20000000008457,-15893.911109572378,302.5370468168253
170.40000000008553,-15867.994857383033,295.5289213317968
170.60000000008648,-15994.3898440474,316.26569349587794
170.80000000008744,-16025.275742275466,315.15719731045175
171.0000000000884,-16026.432646921297,318.1196274610207
171.20000000008935,-16090.227549410527,305.3226408444433
171.4000000000903,-16031.186086223388,303.4889338476472
171.60000000009126,-16097.568995162786,309.58059604745836
171.8000000000922,-16182.439698672562,307.0063369890485
172.00000000009317,-16213.85449487064,319.03494014673845
172.20000000009412,-16846.87605519386,304.37700233730664
172.40000000009508,-16692.069536507406,291.65236626463616
172.60000000009603,-16873.998395530303,310.0436556434897
172.800000000097,-16764.072352949166,303.31367207642114
173.00000000009794,-16973.094864621322,317.6965748555848
173.2000000000989,-16850.48300932534,300.8030740769862
173.40000000009985,-17012.09557487497,315.68715340297604
173.6000000001008,-16977.359754200297,302.2033176041022
173.80000000010176,-17092.75762697312,314.0904456382802
174.00000000010272,-16899.449529972713,297.0817844742351
174.20000000010367,-16127.751180554173,312.58458766926015
174.40000000010463,-15990.64211934626,297.63999816829505
174.60000000010558,-16038.938916530285,305.7870049193796
174.80000000010654,-16198.674173681284,296.0131192910347
175.0000000001075,-16200.149546721572,296.80874573076363
175.20000000010845,-16280.56859305108,306.4787621444494
175.4000000001094,-16170.839641129336,306.10092812521
175.60000000011036,-16088.191686152088,287.18561605480824
175.8000000001113,-16274.068189899655,315.31812930133464
176.00000000011227,-16197.218763814133,310.0364410265689
176.20000000011322,-16038.781126861752,305.18525702815987
176.40000000011418,-16050.5250177821,295.0293260235141
176.60000000011513,-16066.400960863626,298.1101539648487
176.80000000011609,-16075.661050006092,301.16074126499416
177.00000000011704,-16195.563777069168,311.1527862861975
177.200000000118,-16206.568066603882,302.6207432920301
177.40000000011895,-16239.604378914082,309.7633290831787
177.6000000001199,-16242.321486781322,311.7470180649617
177.80000000012086,-16230.004864455244,299.7327834140964
178.00000000012182,-16088.594509921822,289.1992613715206
178.20000000012277,-16175.968291660887,307.3310175033503
178.40000000012373,-16235.67915923077,316.2498519228933
178.60000000012468,-16126.058852707996,305.3970429494312
178.80000000012564,-16189.785301851589,311.81040078626296
179.0000000001266,-16036.708530534874,287.7164342998483
179.20000000012755,-16212.108032669508,305.24996244532696
179.4000000001285,-16183.413417858275,303.4347281352436
179.60000000012946,-16197.582692359152,304.81306529927826
179.8000000001304,-16020.37196914811,291.12604386632285
180.00000000013137,-16080.80946914811,299.9523449691983
180.20000000013232,-16549.545587555534,300.50735680998366
180.40000000013328,-16802.372417710823,318.8551861646951
180.60000000013423,-16627.488929049694,307.03371502229106
180.80000000013519,-16588.162637842397,291.91451172209474
181.00000000013614,-16771.666825721128,300.1201148492278
181.2000000001371,-16810.728497464326,293.8660641996704
181.40000000013805,-16931.861559276193,308.75181826138515
181.600000000139,-16769.088750109848,295.6069255073015
181.80000000013996,-16739.414421296402,291.86229834745404
182.00000000014091,-16836.312407340854,305.1671860544957
182.20000000014187,-16232.815397329498,306.8033263579122
182.40000000014282,-16275.385045890216,293.01847020381626
182.60000000014378,-16334.938677981496,293.6685033227391
182.80000000014473,-16500.233277064894,310.1034177368122
183.0000000001457,-16454.885531088672,309.24325085309374
183.20000000014664,-16376.047033937386,302.3506765069118
183.4000000001476,-16374.495799961689,297.98902579498855
183.60000000014855,-16304.263191534279,299.2392922080496
183.8000000001495,-16352.145776744772,312.2186149201832
184.00000000015046,-16353.751125445007,303.1012738275554
184.20000000015142,-16268.132994874963,304.3382994546344
184.40000000015237,-16209.476744874963,305.2479569676702
184.60000000015333,-16254.181319227078,302.2425533973012
184.80000000015428,-16123.35344416619,291.6769489389743
185.00000000015524,-16192.558448889235,296.71328032769026
185.2000000001562,-16172.300636389235,299.04829552102774
185.40000000015715,-16217.894403692044,307.8424313408634
185.6000000001581,-16257.547229188247,302.5641483508095
185.80000000015906,-16358.177542326142,304.16460584384305
186.00000000016001,-16359.074480946787,303.21381751372047
186.20000000016097,-15438.611806528672,299.8499741445982
186.40000000016192,-15689.297711366773,313.806975126399
186.60000000016288,-15633.846289263893,303.11250893731943
186.80000000016383,-15623.271687448301,301.2948560765372
187.0000000001648,-15542.938980575767,302.2019240414992
187.20000000016574,-15835.689885974192,320.56657250821144
187.4000000001667,-15804.354590256335,311.98399608273206
187.60000000016765,-15838.342393724466,308.90618179871046
187.8000000001686,-15750.787766499867,296.00769438430655
188.00000000016956,-15949.604527015937,298.43901726666064
188.20000000017052,-15998.275263822346,300.7912496547364
188.40000000017147,-16071.661032024174,306.4628500717615
188.60000000017243,-15966.086464303065,302.96236124328374
188.80000000017338,-16005.218087496542,297.32690580265
189.00000000017434,-16200.667106121706,313.41002801093407
189.2000000001753,-16191.790556473628,318.6610975085965
189.40000000017625,-16050.967846233572,309.8672346886601
189.6000000001772,-16094.077468800737,314.7969887970961
189.80000000017816,-16099.484202097825,315.14907683134106
190.0000000001791,-16102.77386471632,315.97732933774637
190.20000000018007,-16375.44731873025,311.74215287732545
190.40000000018102,-16225.61475988377,298.76519223392376
190.60000000018198,-16424.05750976337,302.47577502889203
190.80000000018293,-16386.665781184696,303.0792907956486
191.0000000001839,-16686.793400844443,324.88796917881996
191.20000000018484,-16460.60708283198,299.4992439252117
191.4000000001858,-16534.389097423977,303.82382584627055
191.60000000018675,-16558.14282875495,296.66456977524336
191.8000000001877,-16677.804703576243,310.2376474817213
192.00000000018866,-16622.089696885843,312.1649498711893
192.20000000018962,-16834.47338756344,359.2522541539295
192.40000000019057,-17372.260485749735,393.80547693232444
192.60000000019153,-18141.49397033092,423.407781800781
192.80000000019248,-19167.2734137612,472.1243704481068
193.00000000019344,-20137.916058007904,504.521531487526
193.2000000001944,-21241.87725000111,515.956729449036
193.40000000019535,-14768.663679490259,527.9436241075667
193.6000000001963,-15512.655210830271,508.6303383338557
193.80000000019726,-16763.9652423628,529.2836580632716
194.0000000001982,-17922.24543093868,547.6200089588851
194.20000000019917,-13606.877172781416,438.7132226825882
194.40000000020012,-14225.79400567044,422.47694033065505
194.60000000020108,-14168.783177510326,376.2806657273455
194.80000000020203,-14492.11831916486,380.05259566754376
195.000000000203,-14436.578258272333,347.4400987965551
195.20000000020394,-14691.606530585981,356.40722878551946
195.4000000002049,-14790.480614247397,351.1066777716889
195.60000000020585,-15047.961281675976,362.7329259139612
195.8000000002068,-15048.224484131599,354.43216491388483
196.00000000020776,-15132.603747154004,342.6103568070162
196.20000000020872,-14208.15612784712,338.7600832683558
196.40000000020967,-14282.932760455791,335.1433977088251
196.60000000021063,-14386.663880385298,327.7106620831404
196.80000000021158,-14692.126775062367,338.5526705580434
197.00000000021254,-14694.210661470599,328.053341031749
197.2000000002135,-14846.769311410011,325.880400574802
197.40000000021445,-14076.760083794958,337.18534585566385
197.6000000002154,-14194.762420709274,345.8264555302133
197.80000000021636,-14307.2298820844,342.05181974309454
198.0000000002173,-14401.691491232254,330.589907151947
198.20000000021827,-15427.290165120547,310.29660337518465
198.40000000021922,-15648.639251452201,326.5397741154689
198.60000000022018,-15717.8307064931,321.5331884954196
198.80000000022113,-15637.342254178206,303.169720313006
199.0000000002221,-15702.594143029157,308.2968635576919
199.20000000022304,-15811.589875659032,315.15010700535305
199.400000000224,-15842.529297282352,309.5309861683319
199.60000000022495,-15762.683724047718,302.982525421039
199.8000000002259,-15807.774849496753,313.41259854340296
200.00000000022686,-15934.244333719165,309.31285923173175
200.20000000022782,-15710.142735135247,294.86254567190343
200.40000000022877,-15646.25890234817,297.0567192879
200.60000000022973,-15755.48622426133,304.82989345807164
200.80000000023068,-15965.237393799034,305.70028603332855
201.00000000023164,-15935.227109627725,297.65265018641253
201.2000000002326,-16140.052862112061,306.9914653016469
201.40000000023355,-16052.251512000963,291.89927567347735
201.6000000002345,-16124.961451045107,298.31927586136834
201.80000000023546,-16047.643673650615,298.3573272051084
202.0000000002364,-16079.418692850697,295.6739839397091
202.20000000023737,-16722.293021242003,307.4049376790223
202.40000000023832,-16549.331930979926,288.28110780015
202.60000000023928,-16776.618303080497,306.4114890626864
202.80000000024023,-16630.726249612388,290.90542492166503
203.0000000002412,-16565.03271386365,281.0164402226197
203.20000000024214,-16771.339744741214,304.72529043309817
203.4000000002431,-16785.569900904185,306.2169690036047
203.60000000024405,-16745.02830294329,301.1522460374965
203.800000000245,-16647.18413508244,308.25882235096594
204.00000000024596,-16556.11598929383,307.2825889057868
204.20000000024692,-16809.915397982084,321.07375794326913
204.40000000024787,-16855.731302015425,324.87748196736237
204.60000000024883,-16952.06110093763,316.36469577497934
204.80000000024978,-16710.347157542055,297.6741139845535
205.00000000025074,-16833.08779676113,302.6927698733713
205.2000000002517,-16787.15174814053,313.8299915926856
205.40000000025265,-16737.19905558943,312.0258361606788
205.6000000002536,-16786.831745435018,315.64783212745016
205.80000000025456,-16916.69640228209,317.3447902052575
206.0000000002555,-16990.869304643493,321.7302445763506
206.20000000025647,-15747.509214167483,332.1361051917242
206.40000000025742,-15593.980349668243,305.01608540579775
206.60000000025838,-15690.223940108946,309.7935031824347
206.80000000025933,-15780.786551433688,322.8076938153643
207.0000000002603,-15528.803572367658,302.0180529131749
207.20000000026124,-15676.49847227837,299.3335558194131
207.4000000002622,-15996.500045503097,328.1247676410551
207.60000000026315,-15841.040429201239,298.2854718412416
207.8000000002641,-15971.651530245217,313.37114191175414
208.00000000026506,-15723.745248745705,293.07814427477024
208.20000000026602,-16198.709786508116,305.43909962889626
208.40000000026697,-16116.857965847186,297.1053028756243
208.60000000026793,-15993.98580401919,299.95780759922064
208.80000000026888,-16032.74779740622,307.16132633477525
209.00000000026984,-15976.044646201655,311.2908460302054
209.2000000002708,-15933.88138862516,297.8965108001919
209.40000000027175,-15897.290852200138,301.8669959718035
209.6000000002727,-15977.279054654631,304.70946577233184
209.80000000027366,-16007.509198374872,313.84032566920695
210.0000000002746,-15950.053687702399,312.9427239193167
210.20000000027557,-16173.536341986488,321.74507546258434
210.40000000027652,-16169.327561682556,312.93672530066806
210.60000000027748,-16093.859537728305,306.58437042393547
210.80000000027843,-16068.324688598877,308.9311070017869
211.00000000027939,-16160.067158181279,321.91547163162176
211.20000000028034,-16040.78687327003,318.9482166995134
211.4000000002813,-16026.80412150675,314.1825069041026
211.60000000028225,-16099.886029952235,310.7634264968601
211.8000000002832,-16217.204738077897,319.6167387206876
212.00000000028416,-16022.620467310815,305.7013476142336
212.20000000028512,-14447.753629394094,357.3845133528616
212.40000000028607,-11024.007091099484,382.46933718392626
212.60000000028703,-11744.509694509907,405.1612427117907
212.80000000028798,-12264.097030069373,399.2855305924984
213.00000000028894,-12913.397967262179,406.81779341923294
213.2000000002899,-13495.11046639354,418.90716890434175
213.40000000029085,-14099.788246680808,433.4961502134768
213.6000000002918,-14898.895854904898,459.6478267045686
213.80000000029275,-15707.887624157505,481.6303601344594
214.0000000002937,-12283.64363855662,487.8419259452316
214.20000000029466,-12719.417720797152,457.2013232369841
214.40000000029562,-13274.818797434942,447.1750273781945
214.60000000029657,-13672.874413869431,436.13635762628724
214.80000000029753,-13990.128126204116,427.6104066657125
215.00000000029848,-14306.098103875018,412.97945463352784
215.20000000029944,-14811.971382558128,418.526690522696
215.4000000003004,-10351.197949348338,415.6556421915652
215.60000000030135,-10957.201337988969,422.4297724142723
215.8000000003023,-11700.870884756572,431.9912474786562
216.00000000030326,-12236.38786058074,431.7036798496673
216.20000000030421,-18578.81754808074,459.56542242678626
216.40000000030517,-20269.951613000856,528.1749109648781
216.60000000030612,-21918.53368492321,581.3097073116686
216.80000000030708,-24154.771744514845,667.0338266926587
217.00000000030803,-18161.58540530983,626.5616767233261
217.200000000309,-20049.882295708463,654.5227729654555
217.40000000030994,-21885.435430167854,687.2137046598306
217.6000000003109,-24411.623364451385,756.7089306685541
217.80000000031185,-26950.948873386107,791.5912753413695
218.0000000003128,-19479.49982051809,821.0001561232813
218.20000000031376,-13633.10907713983,688.4135036763872
218.40000000031472,-12436.023375013872,589.9091780137986
218.60000000031567,-12925.850792039477,533.9534326322512
218.80000000031663,-13476.460727434998,504.66544690647464
219.00000000031758,-13999.94522076771,471.67338895853743
219.20000000031854,-14513.320674575967,457.36890901965006
219.4000000003195,-13492.047336063566,443.0598348875682
219.60000000032045,-14051.688413240045,454.6378639250681
219.8000000003214,-14232.348910974964,426.45479370203776
220.00000000032236,-14616.340881555501,403.3769681990392
220.2000000003233,-15375.016499874357,416.9438084122502
220.40000000032427,-15886.324549779572,416.08283135911887
220.60000000032522,-16621.703540496048,429.69516363575366
220.80000000032618,-17171.23669229161,431.9443031514938
221.00000000032713,-17566.122689876953,410.87861474231113
221.2000000003281,-18355.613271105336,432.51213213339247
221.40000000032904,-16060.53251409161,430.27080262832317
221.60000000033,-16311.477476168264,405.96944488063104
221.80000000033095,-16895.647854775845,395.3109436652214
222.0000000003319,-17585.076246267694,426.9792477455066
222.20000000033286,-14264.461070459598,390.52348724416436
222.40000000033382,-14128.878527375462,350.9983013873817
222.60000000033477,-14464.761429521197,366.84095841300956
222.80000000033573,-14317.861631079912,329.24206920884285
223.00000000033668,-14533.565072248588,315.0412784493414
223.20000000033764,-14751.392520516587,314.12298335006125
223.4000000003386,-14907.776045728839,318.59269411607494
223.60000000033955,-14985.927253288522,309.5503691330995
223.8000000003405,-15052.072683622071,316.3040391449278
224.00000000034146,-15164.474410106064,305.2807472961485
224.2000000003424,-15294.310065515587,307.77954592046655
224.40000000034337,-15473.226822193756,315.28353271790536
224.60000000034432,-15404.177775014017,303.34945836432735
224.80000000034528,-15439.051154040702,302.38077275089614
225.00000000034623,-15527.981231965488,301.40748222440317
225.2000000003472,-15702.807598769796,319.2544623509583
225.40000000034814,-15511.558896281509,297.9811222420559
225.6000000003491,-15705.687826825611,303.7185937790071
225.80000000035005,-15852.636553374483,321.4869753511683
226.000000000351,-15790.977961535391,298.7080327863725
226.20000000035196,-15745.967661405986,301.4345330827725
226.40000000035292,-15830.39409343226,312.29035538699145
226.60000000035387,-15992.137150965937,321.85599570468474
226.80000000035483,-15905.262746766835,306.4699757026058
227.00000000035578,-15849.586148016519,306.52258472790265
227.20000000035674,-15959.32154612652,317.02704351365963
227.4000000003577,-15903.883208402563,305.921549515387
227.60000000035865,-15962.739604626622,312.91156789687363
227.8000000003596,-16084.125937698132,317.99404462563547
228.00000000036056,-15941.826240159542,298.92864451530784
228.2000000003615,-16025.649821530198,315.7158477964135
228.40000000036247,-16020.093620365355,305.69974678379833
228.60000000036342,-15954.41761838895,308.93628557276065
228.80000000036438,-15989.010726027758,315.13248455405227
229.00000000036533,-16042.227017983067,325.6313034833161
229.2000000003663,-15963.323166529823,318.6624926959882
229.40000000036724,-15987.276102187228,315.75255563803717
229.6000000003682,-16067.085781018468,322.1729079666452
229.80000000036915,-16010.581194095023,307.43402152218664
230.0000000003701,-16013.441549576295,310.75699420617667
230.20000000037106,-16049.135658698011,312.5159342900742
230.40000000037202,-16183.879253172112,315.474339149037
230.60000000037297,-16213.951528068792,307.70702625238954
230.80000000037393,-16257.080760223384,304.2776587198862
231.00000000037488,-16241.516947625641,311.49729418902103
231.20000000037584,-16279.998105711507,300.3158091294933
231.4000000003768,-16244.213541877587,300.0242830583546
231.60000000037775,-16331.78676793148,301.9091852119815
231.8000000003787,-16395.2846262705,295.6406031233544
232.00000000037966,-16404.91208245921,294.3272529077459
232.2000000003806,-16341.386760678535,307.69997406187764
232.40000000038157,-16261.494463741867,296.88026535687
232.60000000038252,-16271.212926621287,296.2178970679456
232.80000000038348,-16456.606766162353,310.70954300475813
233.00000000038443,-16199.139863448829,298.47489840216093
233.2000000003854,-16368.998114608708,308.7473256160403
233.40000000038634,-16379.196001084725,310.4424648501365
233.6000000003873,-16276.866548010134,299.87566406855797
233.80000000038825,-16289.85128454899,297.0715011002821
234.0000000003892,-16394.20251007637,300.60386033023974
234.20000000039016,-16387.489940937667,309.321454987455
234.40000000039112,-16128.088364813157,288.0588052926426
234.60000000039207,-16350.190026679513,307.01641850636844
234.80000000039303,-16281.772978345514,299.01569684779554
235.00000000039398,-16416.0355057962,310.2620611213728
235.20000000039494,-16074.305339884231,287.2557382588346
235.4000000003959,-16233.884663923498,298.9416407732755
235.60000000039685,-16306.979152268454,306.9722474922632
235.8000000003978,-16439.01603905433,316.7045628953226
236.00000000039876,-16196.118658178777,290.5260547559902
236.2000000003997,-16312.725731852668,302.2580008457586
236.40000000040067,-16269.256981852668,299.65185930790255
236.60000000040162,-16311.596345063357,313.00050796629444
236.80000000040258,-16217.80962462259,304.6070753424141
237.00000000040353,-16191.71838802933,286.9316465609089
237.2000000004045,-16176.3808151767,300.92909569638664
237.40000000040544,-16138.3333427631,298.19942678763823
237.6000000004064,-16199.168291258058,300.81880654546325
237.80000000040735,-16189.227011339113,299.36951743002595
238.0000000004083,-16102.640195589134,294.6439515693608
238.20000000040926,-16106.178943731924,295.94050682838196
238.40000000041022,-16137.682340609754,301.12023113024213
238.60000000041117,-16145.546329474091,301.69729919003674
238.80000000041213,-16141.627695894276,299.31882479775095
239.00000000041308,-16242.720621199172,295.80529917182724
239.20000000041404,-16094.069184544685,298.9647461165158
239.400000000415,-16067.013182685449,300.3191816539535
239.60000000041595,-16218.361675123873,309.6401063470763
239.8000000004169,-16048.908550123873,295.833716766494
240.00000000041786,-16242.640050159287,303.5916447591354
240.2000000004188,-16177.882237659287,288.61883548700314
240.40000000041977,-16189.971506349495,287.1597351743363
240.60000000042072,-16186.166818849495,298.5862183031518
240.80000000042168,-16156.057964222418,301.0131581775062
241.00000000042263,-16211.731463780874,301.1715145379132
241.20000000042359,-16345.787392827522,297.4933034310543
241.40000000042454,-16340.556843283062,295.12819798973464
241.6000000004255,-16214.521405102292,282.5853452731632
241.80000000042645,-16320.558485155343,307.52715667354624
242.0000000004274,-16174.7336647732,297.6271744681436
242.20000000042836,-16176.940168731933,301.0082804330435
242.40000000042932,-16193.097216522277,303.8071048689931
242.60000000043027,-16152.680686913882,303.0651594079077
242.80000000043123,-16034.528023428647,293.0608935615412
243.00000000043218,-16015.697817418477,289.53387964369944
243.20000000043314,-16175.20935170869,294.126579036824
243.4000000004341,-16294.021845585667,299.96359571978286
243.60000000043505,-16232.116324789109,298.1693419122537
243.800000000436,-16208.491324789109,290.3068958824363
244.00000000043696,-16343.249688871074,312.093833530114
244.2000000004379,-16274.721280839483,305.82709681009493
244.40000000043887,-16313.587656907112,306.3381554465291
244.60000000043982,-16199.974602748203,301.29764283407417
244.80000000044078,-16334.577678604168,298.2991169807119
245.00000000044173,-16518.688546770572,302.069835237597
245.20000000044269,-16401.9737411338,279.18077851686564
245.40000000044364,-16461.97417360102,291.9205317776786
245.6000000004446,-16392.50429604968,295.58288287005644
245.80000000044555,-16497.333370189866,306.1743462296579
246.0000000004465,-16414.290531750594,304.84719432884157
246.20000000044746,-16332.51385988688,290.9578502334643
246.40000000044841,-16379.49468715096,299.05326602486775
246.60000000044937,-16390.608316824117,308.12131342306236
246.80000000045032,-16403.70765603792,308.81985745197335
247.00000000045128,-16372.84914625599,303.4048981988603
247.20000000045223,-16256.280985188117,290.8820799484565
247.4000000004532,-16247.754464590544,284.65780960775743
247.60000000045414,-16380.613809008792,295.0710249428174
247.8000000004551,-16454.380951718194,291.4231028193974
248.00000000045605,-16419.672321023958,287.77949321100107
248.200000000457,-16299.284834320264,288.96313821765483
248.40000000045796,-16333.7620793401,297.24402383766426
248.60000000045892,-16335.305334177101,299.6425215167108
248.80000000045987,-16218.084864684904,295.3603108410376
249.00000000046083,-16437.466156623763,311.40506584737386
249.20000000046178,-16421.688048784403,303.50630656043995
249.40000000046274,-16367.24361755581,291.9693872859473
249.6000000004637,-16498.61861755581,304.0819195451257
249.80000000046465,-16292.995695685328,300.10567723906496
250.0000000004656,-16190.762669408577,297.3524641818413
250.20000000046656,-16015.282636793476,314.356615716741
250.40000000046751,-15818.92253688915,303.62913426755244
250.60000000046847,-15900.549784624483,302.51460011436205
250.80000000046942,-15990.173259690157,303.4179626984052
251.00000000047038,-16060.02096448686,302.61489830524005
251.20000000047133,-16123.660965489238,293.4427250534135
251.4000000004723,-16087.590030932231,293.2825082135204
251.60000000047324,-16088.142868963303,296.127501661512
251.8000000004742,-16117.253836410833,292.6764639052273
252.00000000047515,-15991.442339757588,286.74283133702403
252.2000000004761,-16794.855278647767,303.6225315761373
252.40000000047706,-17101.72111535263,333.0077483473649
252.60000000047802,-14445.724329638862,339.19717296148303
252.80000000047897,-14816.98754934092,361.7376230995618
253.00000000047993,-14906.454846074601,344.82468035022026
253.20000000048088,-15180.633718684985,352.6583874352305
253.40000000048184,-15367.174850434792,345.1428480317603
253.6000000004828,-15828.40554284904,357.20879523838494
253.80000000048375,-16044.783981321263,359.7894056090099
254.0000000004847,-16276.487605882066,365.6360531725058
254.20000000048566,-15492.896546841235,347.70199626280373
254.4000000004866,-15559.037987130636,343.78565450650666
254.60000000048757,-15425.50364586174,320.13512631870594
254.80000000048852,-15616.2135917157,325.0281904985113
255.00000000048948,-15607.032227699689,315.59430893298946
255.20000000049043,-15615.676801576119,319.3428819602563
255.4000000004914,-15847.979675808892,326.2007483253519
255.60000000049234,-15771.193939098419,312.60411919918937
255.8000000004933,-15943.457298477893,329.5439498935919
256.00000000049425,-15929.969286611318,307.12198180691024
256.2000000004952,-26735.78604767521,435.8674464119788
256.40000000049616,-28562.196164871886,525.6076868017369
256.6000000004971,-18967.172727371886,568.5533556507098
256.8000000004981,-20681.188352371886,616.4357215318158
257.000000000499,-22255.02025707382,611.4829929466486
257.2000000005,-20284.85306356341,633.9884982324681
257.40000000050094,-22484.00389675499,689.5749361416925
257.6000000005019,-16705.150861374394,704.2700449599712
257.80000000050285,-19040.371658646036,768.3507899445167
258.0000000005038,-20981.69243479392,780.7567804538555
258.20000000050476,-14050.210478566078,681.4638306639644
258.4000000005057,-14301.362750524568,570.4107410381437
258.60000000050667,-12415.812190178156,536.2570501963692
258.8000000005076,-13022.3246761052,499.25562756183155
259.0000000005086,-13481.992320838632,470.10505205206255
259.20000000050953,-14030.355147819675,463.21715629810785
259.4000000005105,-14412.806612200278,448.02413231255633
259.60000000051144,-15241.305693348942,469.87006014577787
259.8000000005124,-15484.871912640243,444.3646679477585
260.00000000051335,-15956.021596692226,440.18400823167406
260.2000000005143,-14379.089857606275,415.4861249087465
260.40000000051526,-14572.927477799036,379.3144992825125
260.6000000005162,-14976.411359097387,369.5907068004602
260.8000000005172,-15167.36816527805,351.92240053647873
261.0000000005181,-15445.846808882241,357.943424077937
261.2000000005191,-15588.354716553527,348.77378943437964
261.40000000052004,-15687.165153738024,337.6252181116492
261.600000000521,-15635.12305622545,342.57598471812776
261.80000000052195,-15739.11610251297,330.75648124067624
262.0000000005229,-15915.809581025096,334.76859621129694
262.20000000052386,-15057.206943476267,333.5362780676653
262.4000000005248,-15008.084198367738,328.69121030801546
262.60000000052577,-15113.564910870788,330.0365500332385
262.8000000005267,-15120.410433503886,316.31638697267016
263.0000000005277,-15061.607162997621,315.3608940302917
263.20000000052863,-15406.21660096811,329.57557692313003
263.4000000005296,-15295.94743558616,314.8451328715284
263.60000000053054,-15437.583360205259,321.99394071805835
263.8000000005315,-15475.77895603003,321.36332455145975
264.00000000053245,-15458.180295602171,323.4506254377835
264.2000000005334,-15585.883291749793,324.88425200167563
264.40000000053436,-15630.67540814844,312.7157187059983
264.6000000005353,-15630.25043062013,315.3575082287099
264.8000000005363,-15848.553684844184,336.4014387016392
265.0000000005372,-15702.917757715972,297.34476931547385
265.2000000005382,-15773.650691579809,309.22915197525833
265.40000000053914,-15869.14954600799,315.42352172230426
265.6000000005401,-15831.098034812501,306.14773146235694
265.80000000054105,-15900.750776148387,308.53980299252805
266.000000000542,-15957.26319444584,309.7418785225418
266.20000000054296,-15948.289679749985,308.0647473445734
266.4000000005439,-15891.610586309209,302.3751609446049
266.60000000054487,-16103.82420919869,309.51125810748096
266.8000000005458,-16353.252908564857,336.51432464949175
267.0000000005468,-16116.64675406985,309.0319476311387
267.20000000054773,-16173.088092754406,314.0276392497588
267.4000000005487,-16080.617803022338,300.4332441113196
267.60000000054964,-16147.23981664567,310.55670058434697
267.8000000005506,-16173.409309727387,316.4967022607685
268.00000000055155,-16138.87558226235,303.9960562056829
268.2000000005525,-17097.264739427774,314.45967710701194
268.40000000055346,-17421.99922656179,317.7607249075282
268.6000000005544,-15915.40222246763,327.40835411891675
268.80000000055537,-15844.716258933127,316.29271109583186
269.0000000005563,-15940.535890132975,322.0958673348195
269.2000000005573,-15988.27533043902,314.60408798967444
269.40000000055824,-16179.962442950025,321.83322694075076
269.6000000005592,-16268.892276343613,333.8418118150567
269.80000000056015,-16215.304356637265,314.7661187792279
270.0000000005611,-16569.103538745854,337.44073028011513
270.20000000056206,-15131.84660026808,349.29619306745633
270.400000000563,-15325.069756357916,340.41636780251247
270.60000000056397,-15271.266534048875,339.3767722919762
270.8000000005649,-15629.34504980703,352.94047457736264
271.0000000005659,-15831.586735039586,346.98078660805885
271.20000000056683,-14100.754425157735,350.739225541755
271.4000000005678,-14143.08415815614,333.7622060322087
271.60000000056874,-14307.084646125382,335.88935947680545
271.8000000005697,-14413.017303652421,337.23929876644354
272.00000000057065,-14582.37469888087,347.18390734377766
272.2000000005716,-15582.483487023288,330.9022718804748
272.40000000057256,-15667.855801557234,310.89414987757385
272.6000000005735,-15860.073855847033,325.9046137400964
272.80000000057447,-15698.0434162725,321.3941305731591
273.0000000005754,-15673.565641162422,316.15757695934093
273.2000000005764,-15706.865433727726,318.26207093472016
273.40000000057734,-15774.069018613183,324.07612542925887
273.6000000005783,-15812.598727457997,326.58700733474114
273.80000000057925,-15851.084924550727,318.5647459081842
274.0000000005802,-15915.508837428322,315.66738878792336
274.20000000058116,-15799.687383655328,320.2927986772884
274.4000000005821,-15803.119566805952,311.4184815682857
274.60000000058307,-15726.266524353574,294.47141542627537
274.800000000584,-15837.827175663217,302.79838808091785
275.000000000585,-15907.994551362237,303.58515892612667
275.20000000058593,-15969.71516980647,298.36713405633117
275.4000000005869,-15952.129123445062,295.8443216915188
275.60000000058784,-16105.201117673234,306.6992793259238
275.8000000005888,-16171.293753098173,311.1779246254072
276.00000000058975,-16286.018328227292,319.7798450351273
